Mad,EC,1,024,Jul,1955,Mad
Mad,EC,1,025,Sep,1955,Mad
Mad,EC,1,026,Nov,1955,Mad
Mad,EC,1,027,Apr,1956,Mad
Mad,EC,1,028,Jul,1956,Mad
Mad,EC,1,029,Sep,1956,Mad
Mad,EC,1,030,Dec,1956,Mad
Mad,EC,1,031, , ,Mad
Mad,EC,1,032, , ,Mad
Mad,EC,1,033, , ,Mad
Mad,EC,1,034, , ,Mad
Mad,EC,1,035, , ,Mad
Mad,EC,1,036, , ,Mad
Mad,EC,1,037, , ,Mad
Mad,EC,1,038, , ,Mad
Mad,EC,1,039, , ,Mad
Mad,EC,1,040, , ,Mad
Mad,EC,1,041, , ,Mad
Mad,EC,1,042, , ,Mad
Mad,EC,1,043, , ,Mad
Mad,EC,1,044, , ,Mad
Mad,EC,1,045, , ,Mad
Mad,EC,1,046, , ,Mad
Mad,EC,1,047, , ,Mad
Mad,EC,1,048, , ,Mad
Mad,EC,1,049, , ,Mad
Mad,EC,1,050, , ,Mad
Mad,EC,1,051, , ,Mad
Mad,EC,1,052, , ,Mad
Mad,EC,1,053, , ,Mad
Mad,EC,1,054, , ,Mad
Mad,EC,1,055, , ,Mad
Mad,EC,1,056, , ,Mad
Mad,EC,1,057, , ,Mad
Mad,EC,1,058, , ,Mad
Mad,EC,1,059, , ,Mad
Mad,EC,1,060, , ,Mad
Mad,EC,1,061, , ,Mad
Mad,EC,1,062, , ,Mad
Mad,EC,1,063, , ,Mad
Mad,EC,1,064, , ,Mad
Mad,EC,1,065, , ,Mad
Mad,EC,1,066, , ,Mad
Mad,EC,1,067, , ,Mad
Mad,EC,1,068, , ,Mad
Mad,EC,1,069, , ,Mad
Mad,EC,1,070, , ,Mad
Mad,EC,1,071, , ,Mad
Mad,EC,1,072, , ,Mad
Mad,EC,1,073, , ,Mad
Mad,EC,1,074, , ,Mad
Mad,EC,1,075, , ,Mad
Mad,EC,1,076, , ,Mad
Mad,EC,1,077, , ,Mad
Mad,EC,1,078, , ,Mad
Mad,EC,1,079, , ,Mad
Mad,EC,1,080, , ,Mad
Mad,EC,1,081, , ,Mad
Mad,EC,1,082, , ,Mad
Mad,EC,1,083, , ,Mad
Mad,EC,1,084, , ,Mad
Mad,EC,1,085, , ,Mad
Mad,EC,1,086, , ,Mad
Mad,EC,1,087, , ,Mad
Mad,EC,1,088, , ,Mad
Mad,EC,1,089, , ,Mad
Mad,EC,1,090, , ,Mad
Mad,EC,1,091, , ,Mad
Mad,EC,1,092, , ,Mad
Mad,EC,1,093, , ,Mad
Mad,EC,1,094, , ,Mad
Mad,EC,1,095, , ,Mad
Mad,EC,1,096, , ,Mad
Mad,EC,1,097, , ,Mad
Mad,EC,1,098, , ,Mad
Mad,EC,1,099, , ,Mad
Mad,EC,1,100, , ,Mad
Mad,EC,1,101, , ,Mad
Mad,EC,1,102, , ,Mad
Mad,EC,1,103, , ,Mad
Mad,EC,1,104, , ,Mad
Mad,EC,1,105, , ,Mad
Mad,EC,1,106, , ,Mad
Mad,EC,1,107, , ,Mad
Mad,EC,1,108, , ,Mad
Mad,EC,1,109, , ,Mad
Mad,EC,1,110, , ,Mad
Mad,EC,1,111, , ,Mad
Mad,EC,1,112, , ,Mad
Mad,EC,1,113, , ,Mad
Mad,EC,1,114, , ,Mad
Mad,EC,1,115, , ,Mad
Mad,EC,1,116, , ,Mad
Mad,EC,1,117, , ,Mad
Mad,EC,1,118, , ,Mad
Mad,EC,1,119, , ,Mad
Mad,EC,1,120, , ,Mad
Mad,EC,1,121, , ,Mad
Mad,EC,1,122, , ,Mad
Mad,EC,1,123, , ,Mad
Mad,EC,1,124, , ,Mad
Mad,EC,1,125, , ,Mad
Mad,EC,1,126, , ,Mad
Mad,EC,1,127, , ,Mad
Mad,EC,1,128, , ,Mad
Mad,EC,1,129, , ,Mad
Mad,EC,1,130, , ,Mad
Mad,EC,1,131, , ,Mad
Mad,EC,1,132, , ,Mad
Mad,EC,1,133, , ,Mad
Mad,EC,1,134, , ,Mad
Mad,EC,1,135, , ,Mad
Mad,EC,1,136, , ,Mad
Mad,EC,1,137, , ,Mad
Mad,EC,1,138, , ,Mad
Mad,EC,1,139, , ,Mad
Mad,EC,1,140, , ,Mad
1000 Jokes, , ,097
CARToons, , ,050
Snafu, , ,01
Sports Illustrated - 35th Anniversary
The Beatles Story
The Goblin,Warren, ,03
Ben Is Dead, , ,24
Ben Is Dead, , ,27
Cracked Monster Party, , ,04
Cracked Monster Party, , ,09
Cracked, , ,007
Cracked, , ,041
Cracked, , ,042
King-Sized Cracked
Epic Illustrated, , ,14
Epic Illustrated, , ,15
Epic Illustrated, , ,16
Epic Illustrated, , ,17
Epic Illustrated, , ,28
15 Years Of Heavy Metal
Heavy Metal - Greatest Hits
Heavy Metal's Even Heavier Metal
Heavy Metal, ,01,10
Heavy Metal, ,02,12
Heavy Metal, ,03,06
Heavy Metal, ,03,10
Heavy Metal, ,06,10
Heavy Metal, ,06,11
Heavy Metal, ,07,01
Heavy Metal, ,07,03
Heavy Metal, ,07,04
Heavy Metal, ,07,05
Heavy Metal, ,07,06
Heavy Metal, ,07,07
Heavy Metal, ,07,10
Heavy Metal, ,08,07
Heavy Metal, ,08,08
Heavy Metal, ,09,09
Heavy Metal, ,13,02
Heavy Metal, ,14,02
Heavy Metal, ,14,03
Heavy Metal, ,14,05
Heavy Metal, ,14,06
Heavy Metal, ,15,01
Heavy Metal, ,15,02
Heavy Metal, ,15,03
Heavy Metal, ,15,04
Heavy Metal, ,15,05
Heavy Metal, ,15,06
Heavy Metal, ,16,01
Heavy Metal, ,16,02
Heavy Metal, ,16,03
Heavy Metal, ,16,04
Heavy Metal, ,16,05
Heavy Metal, ,16,06
Heavy Metal, ,17,01
Heavy Metal, ,17,04
Heavy Metal, ,17,05
Heavy Metal, ,20,04
Heavy Metal, ,20,05
Heavy Metal, ,20,06
Heavy Metal, ,21,01
Heavy Metal, ,21,02
Heavy Metal, ,21,03
Heavy Metal, ,21,04
National Lampoon, ,1,006
National Lampoon, ,1,009
National Lampoon, ,1,018
National Lampoon, ,1,024
National Lampoon, ,1,038
National Lampoon, ,1,064
National Lampoon, ,1,084
National Lampoon, ,1,087
National Lampoon, ,1,092
National Lampoon, ,1,099
National Lampoon, ,2,005
National Lampoon, ,2,009
Neat Stuff, , ,02
Neat Stuff, , ,03
Neat Stuff, , ,05
Mad,EC,1,141, , ,Mad
Mad,EC,1,142, , ,Mad
Mad,EC,1,143, , ,Mad
Mad,EC,1,144, , ,Mad
Mad,EC,1,145, , ,Mad
Mad,EC,1,146, , ,Mad
Mad,EC,1,147, , ,Mad
Mad,EC,1,148, , ,Mad
Mad,EC,1,149, , ,Mad
Mad,EC,1,150, , ,Mad
Mad,EC,1,151, , ,Mad
Mad,EC,1,152, , ,Mad
Mad,EC,1,153, , ,Mad
Mad,EC,1,154, , ,Mad
Mad,EC,1,155, , ,Mad
Mad,EC,1,156, , ,Mad
Mad,EC,1,157, , ,Mad
Mad,EC,1,158, , ,Mad
Mad,EC,1,159, , ,Mad
Mad,EC,1,160, , ,Mad
Mad,EC,1,161, , ,Mad
Mad,EC,1,162, , ,Mad
Mad,EC,1,163, , ,Mad
Mad,EC,1,164, , ,Mad
Mad,EC,1,165, , ,Mad
Mad,EC,1,166, , ,Mad
Mad,EC,1,167, , ,Mad
Mad,EC,1,168, , ,Mad
Mad,EC,1,169, , ,Mad
Mad,EC,1,170, , ,Mad
Mad,EC,1,171, , ,Mad
Mad,EC,1,172, , ,Mad
Mad,EC,1,173, , ,Mad
Mad,EC,1,174, , ,Mad
Mad,EC,1,175, , ,Mad
Mad,EC,1,176, , ,Mad
Mad,EC,1,177, , ,Mad
Mad,EC,1,178, , ,Mad
Mad,EC,1,179, , ,Mad
Mad,EC,1,180, , ,Mad
Mad,EC,1,181, , ,Mad
Mad,EC,1,182, , ,Mad
Mad,EC,1,183, , ,Mad
Mad,EC,1,184, , ,Mad
Mad,EC,1,185, , ,Mad
Mad,EC,1,186, , ,Mad
Mad,EC,1,187, , ,Mad
Mad,EC,1,188, , ,Mad
Mad,EC,1,189, , ,Mad
Mad,EC,1,190, , ,Mad
Mad,EC,1,191, , ,Mad
Mad,EC,1,192, , ,Mad
Mad,EC,1,193, , ,Mad
Mad,EC,1,194, , ,Mad
Mad,EC,1,195, , ,Mad
Mad,EC,1,196, , ,Mad
Mad,EC,1,197, , ,Mad
Mad,EC,1,198, , ,Mad
Mad,EC,1,199, , ,Mad
Mad,EC,1,200, , ,Mad
Mad,EC,1,201, , ,Mad
Mad,EC,1,204, , ,Mad
Mad,EC,1,205, , ,Mad
Mad,EC,1,206, , ,Mad
Mad,EC,1,208, , ,Mad
Mad,EC,1,209, , ,Mad
Mad,EC,1,210, , ,Mad
Mad,EC,1,211, , ,Mad
Mad,EC,1,212, , ,Mad
Mad,EC,1,213, , ,Mad
Mad,EC,1,214, , ,Mad
Mad,EC,1,215, , ,Mad
Mad,EC,1,216, , ,Mad
Mad,EC,1,217, , ,Mad
Mad,EC,1,218, , ,Mad
Mad,EC,1,219, , ,Mad
Mad,EC,1,313, , ,Mad
Mad,EC,1,315, , ,Mad
Mad,EC,1,341, , ,Mad
Mad,EC,1,345, , ,Mad
Mad,EC,1,347, , ,Mad
Mad,EC,1,350, , ,Mad
Mad,EC,1,354, , ,Mad
Mad,EC,1,356, , ,Mad
Mad,EC,1,365, , ,Mad
Mad,EC,1,386, , ,Mad
Mad,EC,1,400, , ,Mad
Mad,EC,1,418, , ,Mad
Mad,EC,1,423, , ,Mad
Mad,EC,1,429, , ,Mad
Mad Follies,EC,1,1, , ,Mad
Mad Follies,EC,1,2, , ,Mad
Mad Follies,EC,1,3, , ,Mad
Mad Follies,EC,1,4, , ,Mad [1]
Mad Follies,EC,1,4, , ,Mad [2]
Mad Follies,EC,1,5, , ,Mad
Mad Follies,EC,1,6, , ,Mad
Mad Follies,EC,1,7, , ,Mad
Mad Special,EC,1,109,Dec,1995,Mad
Mad Special,EC,1,126,Jan,1998,Mad
Mad Special,EC,1,129,Jul,1998,Mad
Mad Special,EC,1,12, , ,Mad
Mad Special,EC,1,131,Oct,1998,Mad
Mad Special,EC,1,134,Jan,1999,Mad
Mad Special,EC,1,13, , ,Mad
Mad Special,EC,1,18, , ,Mad
Mad Special,EC,1,1,Fall,1970,Mad
Mad Special,EC,1,21, , ,Mad
Mad Special,EC,1,24, , ,Mad
Mad Special,EC,1,2,Spring,1971,Mad [1]
Mad Special,EC,1,2,Spring,1971,Mad [2]
Mad Special,EC,1,36,Fall,1981,Mad
Mad Special,EC,1,3, , ,Mad
Mad Special,EC,1,4, , ,Mad
Mad Special,EC,1,5, , ,Mad
Mad Special,EC,1,68,Fall,1989,Mad
Mad Special,EC,1,6, , ,Mad
Mad Special,EC,1,84,Nov,1992,Mad
Mad XL,EC,1,1,Jan,2000,Mad
Mad XL,EC,1,2,Mar,2000,Mad
Mad XL,EC,1,3,Jun,2000,Mad
Mad XL,EC,1,4,Jul,2000,Mad
Mad XL,EC,1,5,Aug,2000,Mad
Mad XL,EC,1,6,Nov,2000,Mad
Mad XL,EC,1,9,Jun,2001,Mad
More Trash From Mad,EC,1,10, , ,Mad
More Trash From Mad,EC,1,11, , ,Mad
More Trash From Mad,EC,1,12, , ,Mad [1]
More Trash From Mad,EC,1,13, , ,Mad [2]
More Trash From Mad,EC,1,1, , ,Mad
More Trash From Mad,EC,1,2, , ,Mad [1]
More Trash From Mad,EC,1,2, , ,Mad [2]
More Trash From Mad,EC,1,3, , ,Mad
More Trash From Mad,EC,1,4, , ,Mad
More Trash From Mad,EC,1,5, , ,Mad
More Trash From Mad,EC,1,6, , ,Mad
More Trash From Mad,EC,1,7, , ,Mad
More Trash From Mad,EC,1,8, , ,Mad
More Trash From Mad,EC,1,9, , ,Mad
Tales Calculated To Drive You Mad,EC,1,1,Summer,1997,Mad
Tales Calculated To Drive You Mad,EC,1,2,Winter,1997,Mad
Tales Calculated To Drive You Mad,EC,1,3,Spring,1998,Mad
Tales Calculated To Drive You Mad,EC,1,4,Summer,1998,Mad
Tales Calculated To Drive You Mad,EC,1,5,Fall,1998,Mad
Tales Calculated To Drive You Mad,EC,1,6,Spring,1999,Mad
Tales Calculated To Drive You Mad,EC,1,7,Fall,1999,Mad
Tales Calculated To Drive You Mad,EC,1,8,Winter,1999,Mad
The Worst From Mad,EC,1,10, , ,Mad
The Worst From Mad,EC,1,11, , ,Mad
The Worst From Mad,EC,1,12, , ,Mad
The Worst From Mad,EC,1,1, , ,Mad
The Worst From Mad,EC,1,2, , ,Mad
The Worst From Mad,EC,1,3, , ,Mad
The Worst From Mad,EC,1,4, , ,Mad
The Worst From Mad,EC,1,5, , ,Mad
The Worst From Mad,EC,1,6, , ,Mad
The Worst From Mad,EC,1,7, , ,Mad [1]
The Worst From Mad,EC,1,7, , ,Mad [2]
The Worst From Mad,EC,1,8, , ,Mad
The Worst From Mad,EC,1,9, , ,Mad
Mad Monsters, , ,08
Mole People [1]
Mole People [2]
Nightmare, , ,19
Overstreet Comic Book Monthly, , ,04
Scary Monsters, , ,04
Spirit, , ,12
Stark Terror
Comic Book Marketplace, , ,1000
Comic Book Marketplace, , ,1001
Comic Book Marketplace, , ,1002
Comic Book Marketplace, , ,1003
Comic Book Marketplace, , ,1004
Comic Book Marketplace, , ,1005
Comic Book Marketplace, , ,1006
Comic Book Marketplace, , ,1007
Comic Book Marketplace, , ,1008
Comic Book Marketplace, , ,1009
Comic Book Marketplace, , ,1010
Comic Book Marketplace, , ,1011
Comic Book Marketplace, , ,1012
Comic Book Marketplace, , ,1013
Comic Book Marketplace, , ,1014
Comic Book Marketplace, , ,1015
Comic Book Marketplace, , ,1016
Comic Book Marketplace, , ,1017
Comic Book Marketplace, , ,1018
Comic Book Marketplace, , ,1019
Comic Book Marketplace, , ,1020
Comic Book Marketplace, , ,1021
Comic Book Marketplace, , ,1022
Comic Book Marketplace, , ,1023
Comic Book Marketplace, , ,1024
Comic Book Marketplace, , ,1025
Comic Book Marketplace, , ,1026
Comic Book Marketplace, , ,1027
Comic Book Marketplace, , ,1028
Comic Book Marketplace, , ,1029
Comic Book Marketplace, , ,1030
Comic Book Marketplace, , ,1031
Comic Book Marketplace, , ,1032
Comic Book Marketplace, , ,1033
Comic Book Marketplace, , ,1034
Creepy,Warren,1,1000
Creepy,Warren,1,1001
Creepy,Warren,1,1002
Creepy,Warren,1,1003
Creepy,Warren,1,1004
Creepy,Warren,1,1005
Creepy,Warren,1,1006
Creepy,Warren,1,1007
Creepy,Warren,1,1008
Creepy,Warren,1,1009
Creepy,Warren,1,1010
Creepy,Warren,1,1011
Creepy,Warren,1,1012
Creepy,Warren,1,1013
Creepy,Warren,1,1014
Creepy,Warren,1,1015
Creepy,Warren,1,1016
Creepy,Warren,1,1017
Creepy,Warren,1,1018
Creepy,Warren,1,1019
Creepy,Warren,1,1020
Creepy,Warren,1,1021
Creepy,Warren,1,1022
Creepy,Warren,1,1023
Creepy,Warren,1,1024
Creepy,Warren,1,1025
Creepy,Warren,1,1026
Creepy,Warren,1,1027
Creepy,Warren,1,1028
Creepy,Warren,1,1029
Creepy,Warren,1,1030
Creepy,Warren,1,1031
Creepy,Warren,1,1032
Creepy,Warren,1,1033
Creepy,Warren,1,1034
Creepy,Warren,1,1035
Creepy,Warren,1,1036
Creepy,Warren,1,1037
Creepy,Warren,1,1038
Creepy,Warren,1,1039
Creepy,Warren,1,1040
Eerie,Warren,1,1000
Eerie,Warren,1,1001
Eerie,Warren,1,1002
Eerie,Warren,1,1003
Eerie,Warren,1,1004
Eerie,Warren,1,1005
Eerie,Warren,1,1006
Eerie,Warren,1,1007
Eerie,Warren,1,1008
Simpsons Illustrated, , ,1000
Simpsons Illustrated, , ,1001
Simpsons Illustrated, , ,1002
Simpsons Illustrated, , ,1003
Simpsons Illustrated, , ,1004
Bill Spicer's Graphic Story Magazine
Cracked, , ,xxx
Fox Comics, , ,26
Lost Girls, , ,1
Monster Memories, , ,05
Rip Off - International Review Of Comics, , ,15
Short Order, , ,2
Skull, , ,04
Slow Death, , ,11
Tales From The Plague
Wally Wood's Horny Toads, , ,1
Heavy Metal, , ,1000
Heavy Metal, , ,1001
Heavy Metal, , ,1002
Heavy Metal, , ,1003
Heavy Metal, , ,1004
Heavy Metal, , ,1005
Heavy Metal, , ,1006
Heavy Metal, , ,1007
Heavy Metal, , ,1008
Heavy Metal, , ,1009
Heavy Metal, , ,1010
Heavy Metal, , ,1011
Heavy Metal, , ,1012
Heavy Metal, , ,1013
Heavy Metal, , ,1014
Heavy Metal, , ,1015
Heavy Metal, , ,1016
Heavy Metal, , ,1017
Heavy Metal, , ,1018
Heavy Metal, , ,1019
Heavy Metal, , ,1020
Heavy Metal, , ,1021
Heavy Metal, , ,1022
National Lampoon, , ,1000
National Lampoon, , ,1001
National Lampoon, , ,1002
National Lampoon, , ,1003
National Lampoon, , ,1004
National Lampoon, , ,1005
National Lampoon, , ,1006
National Lampoon, , ,1007
National Lampoon, , ,1008
National Lampoon, , ,1009
National Lampoon, , ,1010
National Lampoon, , ,1011
National Lampoon, , ,1012
National Lampoon, , ,1013
National Lampoon, , ,1014
National Lampoon, , ,1015
National Lampoon, , ,1016
National Lampoon, , ,1017
National Lampoon, , ,1018
National Lampoon, , ,1019
National Lampoon, , ,1020
National Lampoon, , ,1021
National Lampoon, , ,1022
National Lampoon, , ,1023
National Lampoon, , ,1024
National Lampoon, , ,1025
National Lampoon, , ,1026
National Lampoon, , ,1027
National Lampoon, , ,1028
National Lampoon, , ,1029
National Lampoon, , ,1030
National Lampoon, , ,1031
National Lampoon, , ,1032
National Lampoon, , ,1033
National Lampoon, , ,1034
The Comics Journal, , ,1000
The Comics Journal, , ,1001
The Comics Journal, , ,1002
The Comics Journal, , ,1003
Weirdo, , ,1000
Weirdo, , ,1001
Weirdo, , ,1002
Weirdo, , ,1003
Weirdo, , ,1004
Weirdo, , ,1005
Futurama Comics,Bongo, ,33
Futurama Comics,Bongo, ,34
Futurama Comics,Bongo, ,35
Futurama Comics,Bongo, ,36
Futurama Comics,Bongo, ,37
Futurama Comics,Bongo, ,38
Futurama Comics,Bongo, ,39
Futurama Comics,Bongo, ,40
Futurama Comics,Bongo, ,41
Futurama Comics,Bongo, ,42
Futurama Comics,Bongo, ,51
Futurama Comics,Bongo, ,52
Futurama Comics,Bongo, ,53
Futurama Comics,Bongo, ,56
Futurama Comics,Bongo, ,57
Bartman And Radioactive Man,Bongo, ,01
Blab!, , ,xxx
Bongo Comics Free-For-All [FCBD 2011],Bongo, , ,2011
Donald Duck [FCBD]
Scary Godmother, , ,xxx
Simpsons Treasure Trove,Bongo, ,1
Simpsons Winter Wingding,Bongo, ,03
Simpsons Comics,Bongo, ,137
Simpsons Comics,Bongo, ,138
Simpsons Comics,Bongo, ,139
Simpsons Comics,Bongo, ,140
Simpsons Comics,Bongo, ,141
Simpsons Comics,Bongo, ,142
Simpsons Comics,Bongo, ,143
Simpsons Comics,Bongo, ,144
Simpsons Comics,Bongo, ,145
Simpsons Comics,Bongo, ,146
Simpsons Comics,Bongo, ,147
Simpsons Comics,Bongo, ,148
Simpsons Comics,Bongo, ,149
Simpsons Comics,Bongo, ,150
Simpsons Comics,Bongo, ,151
Simpsons Comics,Bongo, ,152
Simpsons Comics,Bongo, ,153
Simpsons Comics,Bongo, ,169
Simpsons Comics,Bongo, ,170
Simpsons Comics,Bongo, ,171
Simpsons Comics,Bongo, ,172
Simpsons Comics,Bongo, ,173
Simpsons Comics,Bongo, ,174
Simpsons Comics,Bongo, ,175
Simpsons Comics,Bongo, ,176
Simpsons Comics,Bongo, ,177
Simpsons Comics,Bongo, ,178
Simpsons Comics,Bongo, ,179
Simpsons Comics,Bongo, ,180
Simpsons Comics,Bongo, ,181
Simpsons Comics,Bongo, ,182
Simpsons Comics Presents Bart Simpson,Bongo, ,36
Simpsons Comics Presents Bart Simpson,Bongo, ,37
Simpsons Comics Presents Bart Simpson,Bongo, ,38
Simpsons Comics Presents Bart Simpson,Bongo, ,39
Simpsons Comics Presents Bart Simpson,Bongo, ,40
Simpsons Comics Presents Bart Simpson,Bongo, ,41
Simpsons Comics Presents Bart Simpson,Bongo, ,42
Simpsons Comics Presents Bart Simpson,Bongo, ,43
Simpsons Comics Presents Bart Simpson,Bongo, ,44
Simpsons Comics Presents Bart Simpson,Bongo, ,45
Simpsons Comics Presents Bart Simpson,Bongo, ,46
Simpsons Comics Presents Bart Simpson,Bongo, ,47
Simpsons Comics Presents Bart Simpson,Bongo, ,55
Simpsons Comics Presents Bart Simpson,Bongo, ,56
Simpsons Comics Presents Bart Simpson,Bongo, ,57
Simpsons Comics Presents Bart Simpson,Bongo, ,58
Simpsons Comics Presents Bart Simpson,Bongo, ,59
Simpsons Comics Presents Bart Simpson,Bongo, ,60
Simpsons Comics Presents Bart Simpson,Bongo, ,61
Simpsons Comics Presents Bart Simpson,Bongo, ,62
Simpsons Comics Presents Bart Simpson,Bongo, ,63
Simpsons Super Spectacular,Bongo, ,5
Simpsons Super Spectacular,Bongo, ,6
Simpsons Super Spectacular,Bongo, ,7
Simpsons Super Spectacular,Bongo, ,8
The Simpsons Summer Shindig,Bongo, ,2
The Simpsons Summer Shindig,Bongo, ,5
The Simpsons' Treehouse Of Horror,Bongo, ,13
The Simpsons' Treehouse Of Horror,Bongo, ,16
The Simpsons' Treehouse Of Horror,Bongo, ,17
Frontline Combat,EC, ,1
Frontline Combat,EC, ,10
Frontline Combat,EC, ,11
Frontline Combat,EC, ,12
Frontline Combat,EC, ,13
Frontline Combat,EC, ,14
Frontline Combat,EC, ,15
Frontline Combat,EC, ,2
Frontline Combat,EC, ,3
Frontline Combat,EC, ,4
Frontline Combat,EC, ,5
Frontline Combat,EC, ,6
Frontline Combat,EC, ,7
Frontline Combat,EC, ,8
Frontline Combat,EC, ,9
Panic,EC, ,1
Panic,EC, ,10
Panic,EC, ,11
Panic,EC, ,12
Panic,EC, ,2
Panic,EC, ,3
Panic,EC, ,4
Panic,EC, ,5
Panic,EC, ,6
Panic,EC, ,7
Panic,EC, ,8
Shock SuspenStories,EC, ,1
Shock SuspenStories,EC, ,10
Shock SuspenStories,EC, ,11
Shock SuspenStories,EC, ,12
Shock SuspenStories,EC, ,13
Shock SuspenStories,EC, ,14
Shock SuspenStories,EC, ,15
Shock SuspenStories,EC, ,16
Shock SuspenStories,EC, ,17
Shock SuspenStories,EC, ,18
Shock SuspenStories,EC, ,2
Shock SuspenStories,EC, ,3
Shock SuspenStories,EC, ,4
Shock SuspenStories,EC, ,5
Shock SuspenStories,EC, ,6
Shock SuspenStories,EC, ,7
Shock SuspenStories,EC, ,8
Shock SuspenStories,EC, ,9
Tales From The Crypt,EC, ,1
Tales From The Crypt,EC, ,10
Tales From The Crypt,EC, ,12
Tales From The Crypt,EC, ,13
Tales From The Crypt,EC, ,14
Tales From The Crypt,EC, ,15
Tales From The Crypt,EC, ,16
Tales From The Crypt,EC, ,17
Tales From The Crypt,EC, ,18
Tales From The Crypt,EC, ,19
Tales From The Crypt,EC, ,2
Tales From The Crypt,EC, ,20
Tales From The Crypt,EC, ,21
Tales From The Crypt,EC, ,22
Tales From The Crypt,EC, ,23
Tales From The Crypt,EC, ,24
Tales From The Crypt,EC, ,25
Tales From The Crypt,EC, ,26
Tales From The Crypt,EC, ,27
Tales From The Crypt,EC, ,28
Tales From The Crypt,EC, ,29
Tales From The Crypt,EC, ,3
Tales From The Crypt,EC, ,30
Tales From The Crypt,EC, ,4
Tales From The Crypt,EC, ,5
Tales From The Crypt,EC, ,6
Tales From The Crypt,EC, ,7 [1]
Tales From The Crypt,EC, ,7 [2]
Tales From The Crypt,EC, ,8
Tales From The Crypt,EC, ,9
Two-Fisted Tales,EC, ,1
Two-Fisted Tales,EC, ,10
Two-Fisted Tales,EC, ,11
Two-Fisted Tales,EC, ,12
Two-Fisted Tales,EC, ,13
Two-Fisted Tales,EC, ,14
Two-Fisted Tales,EC, ,15
Two-Fisted Tales,EC, ,16
Two-Fisted Tales,EC, ,17
Two-Fisted Tales,EC, ,18
Two-Fisted Tales,EC, ,19
Two-Fisted Tales,EC, ,2
Two-Fisted Tales,EC, ,20
Two-Fisted Tales,EC, ,21
Two-Fisted Tales,EC, ,22
Two-Fisted Tales,EC, ,23
Two-Fisted Tales,EC, ,24
Two-Fisted Tales,EC, ,3
Two-Fisted Tales,EC, ,4
Two-Fisted Tales,EC, ,5
Two-Fisted Tales,EC, ,6
Two-Fisted Tales,EC, ,7
Vault Of Horror,EC, ,1 [1]
Vault Of Horror,EC, ,1 [2]
Vault Of Horror,EC, ,10
Vault Of Horror,EC, ,11 [1]
Vault Of Horror,EC, ,11 [2]
Vault Of Horror,EC, ,12
Vault Of Horror,EC, ,13
Vault Of Horror,EC, ,14
Vault Of Horror,EC, ,15
Vault Of Horror,EC, ,16
Vault Of Horror,EC, ,17
Vault Of Horror,EC, ,18
Vault Of Horror,EC, ,19
Vault Of Horror,EC, ,2
Vault Of Horror,EC, ,20
Vault Of Horror,EC, ,21
Vault Of Horror,EC, ,22
Vault Of Horror,EC, ,23
Vault Of Horror,EC, ,24
Vault Of Horror,EC, ,25
Vault Of Horror,EC, ,26
Vault Of Horror,EC, ,28
Vault Of Horror,EC, ,29
Vault Of Horror,EC, ,3
Vault Of Horror,EC, ,4
Vault Of Horror,EC, ,5
Vault Of Horror,EC, ,6
Vault Of Horror,EC, ,9
Weird Fantasy,EC, ,1
Weird Fantasy,EC, ,11
Weird Fantasy,EC, ,12
Weird Fantasy,EC, ,13
Weird Fantasy,EC, ,14
Weird Fantasy,EC, ,15
Weird Fantasy,EC, ,16
Weird Fantasy,EC, ,17
Weird Fantasy,EC, ,18
Weird Fantasy,EC, ,19
Weird Fantasy,EC, ,2
Weird Fantasy,EC, ,20
Weird Fantasy,EC, ,21
Weird Fantasy,EC, ,22
Weird Fantasy,EC, ,3
Weird Fantasy,EC, ,4
Weird Fantasy,EC, ,5
Weird Fantasy,EC, ,6
Weird Fantasy,EC, ,9
Overstreet Comic Price Guide , , 30
Aces High,EC, ,1
Aces High,EC, ,2
Aces High,EC, ,3
Aces High,EC, ,4
Aces High,EC, ,5
Crime Patrol,EC, ,10
Crime Patrol,EC, ,2
Crime Patrol,EC, ,5
Crime Patrol,EC, ,6
Crime Patrol,EC, ,7
Crime Patrol,EC, ,8
Crime Patrol,EC, ,9
Crime SuspenStories,East Coast, ,25
Crime SuspenStories,EC, ,1
Crime SuspenStories,EC, ,11
Crime SuspenStories,EC, ,12
Crime SuspenStories,EC, ,13
Crime SuspenStories,EC, ,14
Crime SuspenStories,EC, ,15
Crime SuspenStories,EC, ,16
Crime SuspenStories,EC, ,17
Crime SuspenStories,EC, ,18
Crime SuspenStories,EC, ,19
Crime SuspenStories,EC, ,2
Crime SuspenStories,EC, ,20
Crime SuspenStories,EC, ,21
Crime SuspenStories,EC, ,22
Crime SuspenStories,EC, ,23
Crime SuspenStories,EC, ,24
Crime SuspenStories,EC, ,25
Crime SuspenStories,EC, ,26
Crime SuspenStories,EC, ,27
Crime SuspenStories,EC, ,3
Crime SuspenStories,EC, ,4
Crime SuspenStories,EC, ,5
Crime SuspenStories,EC, ,6
Crime SuspenStories,EC, ,9
Extra!,EC, ,1
Haunt Of Fear,EC, ,1
Haunt Of Fear,EC, ,10
Haunt Of Fear,EC, ,1027
Haunt Of Fear,EC, ,1028
Haunt Of Fear,EC, ,1029
Haunt Of Fear,EC, ,1030
Haunt Of Fear,EC, ,1031
Haunt Of Fear,EC, ,1032
Haunt Of Fear,EC, ,1033
Haunt Of Fear,EC, ,1034
Haunt Of Fear,EC, ,1035
Haunt Of Fear,EC, ,11
Haunt Of Fear,EC, ,12
Haunt Of Fear,EC, ,13
Haunt Of Fear,EC, ,14
Haunt Of Fear,EC, ,15
Haunt Of Fear,EC, ,16
Haunt Of Fear,EC, ,17
Haunt Of Fear,EC, ,18
Haunt Of Fear,EC, ,19
Haunt Of Fear,EC, ,2
Haunt Of Fear,EC, ,20
Haunt Of Fear,EC, ,21
Haunt Of Fear,EC, ,22
Haunt Of Fear,EC, ,23
Haunt Of Fear,EC, ,24
Haunt Of Fear,EC, ,25
Haunt Of Fear,EC, ,26
Haunt Of Fear,EC, ,27
Haunt Of Fear,EC, ,28
Haunt Of Fear,EC, ,3
Haunt Of Fear,EC, ,4
Haunt Of Fear,EC, ,5
Haunt Of Fear,EC, ,6 [1]
Haunt Of Fear,EC, ,6 [2]
Haunt Of Fear,EC, ,7
Impact,EC, ,1000
Impact,EC, ,1001
Impact,EC, ,1002
Impact,EC, ,1003
Incredible Science Fiction,EC, ,1000
MD,EC, ,1000
MD,EC, ,1001
MD,EC, ,1002
MD,EC, ,1003
MD,EC, ,1004
Piracy,EC, ,1000
Piracy,EC, ,1001
Piracy,EC, ,1002
Piracy,EC, ,1003
Piracy,EC, ,1004
Piracy,EC, ,1005
Piracy,EC, ,1006
Psychoanalysis,EC, ,1000
Psychoanalysis,EC, ,1001
Psychoanalysis,EC, ,1002
Psychoanalysis,EC, ,1003
Tales From The Crypt,EC, ,1000
Tales From The Crypt,EC, ,1001
Tales From The Crypt,EC, ,1002
Tales From The Crypt,EC, ,1003
Tales From The Crypt,EC, ,1004
Tales From The Crypt,EC, ,1005
Tales From The Crypt,EC, ,1006
Tales From The Crypt,EC, ,1007
Tales From The Crypt,EC, ,1008
Valor,EC, ,1000
Valor,EC, ,1001
Valor,EC, ,1002
Valor,EC, ,1003
Valor,EC, ,1004
Vault Of Horror,EC, ,1000
Vault Of Horror,EC, ,1001
Vault Of Horror,EC, ,1002
Vault Of Horror,EC, ,1003
Vault Of Horror,EC, ,1004
Vault Of Horror,EC, ,1005
Vault Of Horror,EC, ,1006
Vault Of Horror,EC, ,1007
Vault Of Horror,EC, ,1008
Vault Of Horror,EC, ,1009
Vault Of Horror,EC, ,1010
War Against Crime!,EC, ,1000
War Against Crime!,EC, ,1001
War Against Crime!,EC, ,1002
War Against Crime!,EC, ,1003
War Against Crime!,EC, ,1004
War Against Crime!,EC, ,1005
War Against Crime!,EC, ,1006
War Against Crime!,EC, ,1007
War Against Crime!,EC, ,1008
Weird Science,EC, ,1000
Weird Science,EC, ,1001
Weird Science,EC, ,1002
Weird Science,EC, ,1003
Weird Science,EC, ,1004
Weird Science,EC, ,1005
Weird Science,EC, ,1006
Weird Science,EC, ,1007
Weird Science,EC, ,1008
Weird Science,EC, ,1009
Weird Science,EC, ,1010
Weird Science,EC, ,1011
Weird Science,EC, ,1012
Weird Science,EC, ,1013
Weird Science,EC, ,1014
Weird Science,EC, ,1015
Weird Science,EC, ,1016
Weird Science,EC, ,1017
Weird Science,EC, ,1018
Weird Science,EC, ,1019
Weird Science,EC, ,1020
Weird Science,EC, ,1021
Weird Science,EC, ,1022
Weird Science,EC, ,1023
Weird Science,EC, ,1024
Weird Science,EC, ,1025
Weird Science-Fantasy,EC, ,1000
Weird Science-Fantasy,EC, ,1001
Weird Science-Fantasy,EC, ,1002
Weird Science-Fantasy,EC, ,1003
Weird Science-Fantasy,EC, ,1004
Adventures Into The Unknown!, , , , , ,1001
Adventures Into The Unknown!, , , , , ,1002
Adventures Into The Unknown!, , , , , ,1003
Adventures Into The Unknown!, , , , , ,1004
Baseball Comics,Kitchen Sink, , , , ,1134
Baseball Comics,Kitchen Sink, , , , ,1135
Beware!,Marvel, , , , ,1008
Dead Of Night,Marvel, , , , ,1006
Finals,Vertigo, , , , ,1131
Finals,Vertigo, , , , ,1132
Finals,Vertigo, , , , ,1133
Secrets Of Haunted House,DC, , , , ,1005
Strange Sports,Adventure Comics, , , , ,1000
Vault Of Evil,Marvel, , , , ,1007
Wasteland,DC, , , , ,1147
Wasteland,DC, , , , ,1148
Wasteland,DC, , , , ,1149
Wasteland,DC, , , , ,1150
Wasteland,DC, , , , ,1151